name,iterations,real_time,cpu_time,time_unit,bytes_per_second,items_per_second,label,error_occurred,error_message,"DTLB-misses","ITLB-misses","L1D-misses","L1I-misses","LLC-misses","avg_size","bits","branch-misses","cycles","duration","failures","fpr","instructions","retries","size","task-clock"
"InitialiseData_8/Count/125/1/1/10000000/100000000/10/iterations:5/manual_time",5,6406.38,6406.46,ms,,,,,,1.25505e+08,2287.36,4.56568e+08,594437,8.21403e+07,1.25e+07,9.99997,1.73767e+08,2.87681e+10,6406.38,0,0.00374216,1.60772e+10,0,1.25e+07,6.40636e+09
"VQFCityhash_8/Count/125/1/1/10000000/100000000/10/iterations:5/manual_time",5,5839.9,5839.94,ms,,,,,,1.23873e+08,5544.12,3.66149e+08,533396,6.83617e+07,1.25e+07,9.99997,1.7341e+08,2.61145e+10,5839.9,0,0.00374216,1.60731e+10,0,1.25e+07,5.83986e+09
"VQFMurmur_8/Count/125/1/1/10000000/100000000/10/iterations:5/manual_time",5,5010.68,5010.72,ms,,,,,,1.24404e+08,4682.74,3.82651e+08,535434,7.16245e+07,1.25e+07,9.99997,1.74948e+08,2.2462e+10,5010.68,0,0.00373642,1.27126e+10,0,1.25e+07,5.01063e+09
"VQFFasthash_8/Count/125/1/1/10000000/100000000/10/iterations:5/manual_time",5,5395.84,5395.88,ms,,,,,,1.25501e+08,2473.49,4.60292e+08,629437,8.2392e+07,1.25e+07,9.99997,1.74825e+08,2.41731e+10,5395.84,0,0.003751,1.24666e+10,0,1.25e+07,5.39579e+09
"VQFMul_8/Count/125/1/1/10000000/100000000/10/iterations:5/manual_time",5,4822.34,4822.38,ms,,,,,,1.243e+08,2874.6,3.80335e+08,625410,6.94796e+07,1.25e+07,9.99997,1.76308e+08,2.16261e+10,4822.34,0,0.00507089,1.20592e+10,0,1.25e+07,4.82229e+09
"VQFTwoIndependentMultiplyShift_8/Count/125/1/1/10000000/100000000/10/iterations:5/manual_time",5,5468.64,5468.69,ms,,,,,,1.25476e+08,2550.12,4.6104e+08,611673,8.39998e+07,1.25e+07,9.99997,1.75688e+08,2.44986e+10,5468.64,0,0.00373828,1.2214e+10,0,1.25e+07,5.46861e+09
