name,iterations,real_time,cpu_time,time_unit,bytes_per_second,items_per_second,label,error_occurred,error_message,"DTLB-misses","ITLB-misses","L1D-misses","L1I-misses","LLC-misses","avg_size","bits","branch-misses","cycles","duration","failures","instructions","retries","size","task-clock"
"InitialiseData_8/Construct/125/1/1/10000000/0/0/iterations:5/manual_time",5,579.486,733.472,ms,,,,,,7.26144e+06,670.941,2.52743e+07,61342.8,5.13335e+06,1.25e+07,9.99997,6.64309e+06,2.59974e+09,579.486,0,2.12699e+09,0,1.25e+07,5.79476e+08
"VQFCityhash_8/Construct/125/1/1/10000000/0/0/iterations:5/manual_time",5,627.637,627.718,ms,,,,,,7.33962e+06,614.842,2.95482e+07,65940.6,5.83368e+06,1.25e+07,9.99997,6.63295e+06,2.81903e+09,627.637,0,2.12713e+09,0,1.25e+07,6.27634e+08
"VQFMurmur_8/Construct/125/1/1/10000000/0/0/iterations:5/manual_time",5,605.712,605.796,ms,,,,,,7.29609e+06,679.799,2.95158e+07,64496.2,5.81514e+06,1.25e+07,9.99997,6.59884e+06,2.72056e+09,605.712,0,1.86745e+09,0,1.25e+07,6.05711e+08
"VQFFasthash_8/Construct/125/1/1/10000000/0/0/iterations:5/manual_time",5,602.152,602.241,ms,,,,,,7.33951e+06,977.996,2.96096e+07,81076,5.82423e+06,1.25e+07,9.99997,6.58684e+06,2.70421e+09,602.152,0,1.81851e+09,0,1.25e+07,6.02158e+08
"VQFMul_8/Construct/125/1/1/10000000/0/0/iterations:5/manual_time",5,593.423,593.508,ms,,,,,,7.35427e+06,596.728,2.95622e+07,64850,5.81594e+06,1.25e+07,9.99997,6.55791e+06,2.66521e+09,593.423,0,1.80074e+09,0,1.25e+07,5.93424e+08
"VQFTwoIndependentMultiplyShift_8/Construct/125/1/1/10000000/0/0/iterations:5/manual_time",5,608.19,608.256,ms,,,,,,7.3025e+06,615.303,2.94974e+07,62851.5,5.82114e+06,1.25e+07,9.99997,6.59356e+06,2.72907e+09,608.19,0,1.87827e+09,0,1.25e+07,6.08169e+08
